today,3,weather,20/10/2021 16.24.16
is,2,weather,20/10/2021 16.24.16
cloudy,2,weather,20/10/2021 16.24.16
hello,1,news,20/10/2021 16.24.16
world,1,news,20/10/2021 16.24.16
some,1,private ad,20/10/2021 16.24.16
text,1,private ad,20/10/2021 16.24.16
hello,1,news,20/10/2021 16.25.01
world11,1,news,20/10/2021 16.25.01
json,1,weather,20/10/2021 16.25.01
file,1,weather,20/10/2021 16.25.01
today,1,weather,20/10/2021 16.25.01
is,1,weather,20/10/2021 16.25.01
cloudy11,1,weather,20/10/2021 16.25.01
some,1,private ad,20/10/2021 16.25.01
private,1,private ad,20/10/2021 16.25.01
add11,1,private ad,20/10/2021 16.25.01
today,3,weather,20/10/2021 16.41.20
is,2,weather,20/10/2021 16.41.20
cloudy,2,weather,20/10/2021 16.41.20
today,3,news,20/10/2021 16.41.20
is,2,news,20/10/2021 16.41.20
cloudy,2,news,20/10/2021 16.41.20
some,1,private ad,20/10/2021 16.41.20
text,1,private ad,20/10/2021 16.41.20
today,3,weather,20/10/2021 16.42.16
is,2,weather,20/10/2021 16.42.16
cloudy,2,weather,20/10/2021 16.42.16
today,3,news,20/10/2021 16.42.16
is,2,news,20/10/2021 16.42.16
cloudy,2,news,20/10/2021 16.42.16
some,1,private ad,20/10/2021 16.42.16
text,1,private ad,20/10/2021 16.42.16
today,3,weather,20/10/2021 16.47.09
is,2,weather,20/10/2021 16.47.09
cloudy,2,weather,20/10/2021 16.47.09
today,3,news,20/10/2021 16.47.09
is,2,news,20/10/2021 16.47.09
cloudy,2,news,20/10/2021 16.47.09
some,1,private ad,20/10/2021 16.47.09
text,1,private ad,20/10/2021 16.47.09
today,3,weather,20/10/2021 19.36.59
is,2,weather,20/10/2021 19.36.59
cloudy,2,weather,20/10/2021 19.36.59
hello,1,news,20/10/2021 19.36.59
world,1,news,20/10/2021 19.36.59
some,1,private ad,20/10/2021 19.36.59
text,1,private ad,20/10/2021 19.36.59
hello,1,news,20/10/2021 19.37.30
world11,1,news,20/10/2021 19.37.30
json,1,weather,20/10/2021 19.37.30
file,1,weather,20/10/2021 19.37.30
today,1,weather,20/10/2021 19.37.30
is,1,weather,20/10/2021 19.37.30
cloudy11,1,weather,20/10/2021 19.37.30
some,1,private ad,20/10/2021 19.37.30
private,1,private ad,20/10/2021 19.37.30
add11,1,private ad,20/10/2021 19.37.30
hello,1,news,21/10/2021 13.14.02
world11,1,news,21/10/2021 13.14.02
json,1,weather,21/10/2021 13.14.02
file,1,weather,21/10/2021 13.14.02
today,1,weather,21/10/2021 13.14.02
is,1,weather,21/10/2021 13.14.02
cloudy11,1,weather,21/10/2021 13.14.02
some,1,private ad,21/10/2021 13.14.02
private,1,private ad,21/10/2021 13.14.02
add11,1,private ad,21/10/2021 13.14.02
xml,1,news,21/10/2021 13.15.07
file,1,news,21/10/2021 13.15.07
hello,1,news,21/10/2021 13.15.07
world,1,news,21/10/2021 13.15.07
xml,1,weather,21/10/2021 13.15.07
file,1,weather,21/10/2021 13.15.07
today,1,weather,21/10/2021 13.15.07
is,1,weather,21/10/2021 13.15.07
cloudy,1,weather,21/10/2021 13.15.07
xml,1,private ad,21/10/2021 13.15.07
file,1,private ad,21/10/2021 13.15.07
hello,1,private ad,21/10/2021 13.15.07
world,1,private ad,21/10/2021 13.15.07
today,3,weather,28/10/2021 23.38.27
is,2,weather,28/10/2021 23.38.27
cloudy,2,weather,28/10/2021 23.38.27
hello,1,news,28/10/2021 23.38.27
world,1,news,28/10/2021 23.38.27
some,1,private ad,28/10/2021 23.38.27
text,1,private ad,28/10/2021 23.38.27
hello,1,news,28/10/2021 23.39.08
world11,1,news,28/10/2021 23.39.08
json,1,weather,28/10/2021 23.39.08
file,1,weather,28/10/2021 23.39.08
today,1,weather,28/10/2021 23.39.08
is,1,weather,28/10/2021 23.39.08
cloudy11,1,weather,28/10/2021 23.39.08
some,1,private ad,28/10/2021 23.39.08
private,1,private ad,28/10/2021 23.39.08
add11,1,private ad,28/10/2021 23.39.08
xml,1,news,28/10/2021 23.39.15
file,1,news,28/10/2021 23.39.15
hello,1,news,28/10/2021 23.39.15
world,1,news,28/10/2021 23.39.15
xml,1,weather,28/10/2021 23.39.15
file,1,weather,28/10/2021 23.39.15
today,1,weather,28/10/2021 23.39.15
is,1,weather,28/10/2021 23.39.15
cloudy,1,weather,28/10/2021 23.39.15
xml,1,private ad,28/10/2021 23.39.15
file,1,private ad,28/10/2021 23.39.15
hello,1,private ad,28/10/2021 23.39.15
world,1,private ad,28/10/2021 23.39.15
today,3,weather,29/10/2021 00.47.07
is,2,weather,29/10/2021 00.47.07
cloudy,2,weather,29/10/2021 00.47.07
hello,1,news,29/10/2021 00.47.07
world,1,news,29/10/2021 00.47.07
some,1,private ad,29/10/2021 00.47.07
text,1,private ad,29/10/2021 00.47.07
hello,1,news,29/10/2021 00.47.13
world11,1,news,29/10/2021 00.47.13
json,1,weather,29/10/2021 00.47.13
file,1,weather,29/10/2021 00.47.13
today,1,weather,29/10/2021 00.47.13
is,1,weather,29/10/2021 00.47.13
cloudy11,1,weather,29/10/2021 00.47.13
some,1,private ad,29/10/2021 00.47.13
private,1,private ad,29/10/2021 00.47.13
add11,1,private ad,29/10/2021 00.47.13
xml,1,news,29/10/2021 00.48.28
file,1,news,29/10/2021 00.48.28
hello,1,news,29/10/2021 00.48.28
world,1,news,29/10/2021 00.48.28
xml,1,weather,29/10/2021 00.48.28
file,1,weather,29/10/2021 00.48.28
today,1,weather,29/10/2021 00.48.28
is,1,weather,29/10/2021 00.48.28
cloudy,1,weather,29/10/2021 00.48.28
xml,1,private ad,29/10/2021 00.48.28
file,1,private ad,29/10/2021 00.48.28
hello,1,private ad,29/10/2021 00.48.28
world,1,private ad,29/10/2021 00.48.28
today,3,weather,29/10/2021 10.58.25
is,2,weather,29/10/2021 10.58.25
cloudy,2,weather,29/10/2021 10.58.25
hello,1,news,29/10/2021 10.58.25
world,1,news,29/10/2021 10.58.25
some,1,private ad,29/10/2021 10.58.25
text,1,private ad,29/10/2021 10.58.25
hello,1,news,29/10/2021 10.58.29
world11,1,news,29/10/2021 10.58.29
json,1,weather,29/10/2021 10.58.29
file,1,weather,29/10/2021 10.58.29
today,1,weather,29/10/2021 10.58.29
is,1,weather,29/10/2021 10.58.29
cloudy11,1,weather,29/10/2021 10.58.29
some,1,private ad,29/10/2021 10.58.29
private,1,private ad,29/10/2021 10.58.29
add11,1,private ad,29/10/2021 10.58.29
today,3,weather,29/10/2021 11.01.31
is,2,weather,29/10/2021 11.01.31
cloudy,2,weather,29/10/2021 11.01.31
hello,1,news,29/10/2021 11.01.31
world,1,news,29/10/2021 11.01.31
some,1,private ad,29/10/2021 11.01.31
text,1,private ad,29/10/2021 11.01.31
